,graph,cuts,best_partition,generations,vertices,edges,time,depth,g_max,mutation,population
0,er_100_120_0.csv,3600,"[1, 4, 6, 8, 9, 11, 15, 16, 17, 18, 19, 20, 21, 22, 25, 26, 27, 28, 31, 38, 40, 45, 46, 47, 50, 51, 52, 56, 58, 60, 63, 64, 65, 66, 67, 71, 75, 81, 83, 84, 85, 86, 87, 88, 93, 95, 96, 99, 100, 102, 103, 104, 106, 107, 108, 109, 110, 115, 118, 119]",39,120,7140,102.53125,10,60,0.5,6
1,er_100_120_1.csv,3600,"[1, 2, 3, 6, 10, 12, 14, 15, 21, 22, 25, 27, 28, 30, 31, 32, 35, 37, 38, 41, 42, 44, 45, 48, 54, 55, 57, 59, 62, 64, 65, 68, 71, 72, 74, 77, 78, 80, 81, 84, 85, 86, 89, 90, 94, 98, 99, 104, 105, 106, 108, 109, 110, 111, 112, 115, 116, 117, 118, 97]",22,120,7140,106.03125,10,60,0.5,6
2,er_100_120_2.csv,3600,"[1, 4, 6, 8, 9, 11, 15, 16, 17, 18, 19, 20, 21, 22, 25, 26, 27, 28, 31, 38, 40, 45, 46, 47, 50, 51, 52, 56, 58, 60, 63, 64, 65, 66, 67, 71, 75, 81, 83, 84, 85, 86, 87, 88, 93, 95, 96, 99, 100, 102, 103, 104, 106, 107, 108, 109, 110, 115, 118, 119]",42,120,7140,76.625,10,60,0.5,6
3,er_100_120_3.csv,3575,"[1, 4, 6, 8, 9, 11, 15, 17, 18, 19, 20, 21, 22, 25, 26, 27, 28, 31, 38, 40, 45, 46, 47, 50, 51, 52, 56, 58, 60, 63, 64, 65, 66, 71, 75, 81, 83, 84, 85, 86, 87, 88, 93, 96, 99, 100, 102, 103, 104, 106, 107, 109, 110, 115, 118]",43,120,7140,100.9375,10,60,0.5,6
4,er_100_160_0.csv,6375,"[48, 49, 1, 2, 5, 6, 8, 9, 11, 15, 19, 20, 21, 24, 26, 27, 30, 31, 33, 34, 36, 38, 41, 44, 45, 46, 50, 52, 54, 55, 60, 61, 63, 64, 66, 70, 71, 73, 78, 79, 85, 91, 92, 94, 96, 97, 100, 101, 103, 106, 110, 113, 115, 116, 117, 118, 119, 122, 126, 127, 128, 135, 139, 144, 147, 148, 149, 150, 151, 3, 12, 13, 72, 98, 99]",57,160,12720,222.359375,10,60,0.5,6
5,er_100_160_1.csv,6400,"[0, 3, 5, 6, 7, 9, 13, 16, 20, 21, 24, 26, 29, 30, 31, 32, 33, 38, 40, 42, 44, 48, 49, 50, 51, 53, 55, 58, 60, 62, 63, 65, 68, 70, 71, 76, 78, 80, 82, 83, 86, 87, 88, 90, 91, 94, 95, 96, 97, 98, 99, 101, 102, 104, 105, 106, 108, 112, 113, 115, 119, 124, 127, 129, 130, 131, 133, 135, 136, 141, 142, 143, 145, 146, 147, 149, 152, 155, 156, 158]",41,160,12720,123.984375,10,60,0.5,6
6,er_100_160_2.csv,6399,"[7, 8, 9, 11, 14, 15, 16, 18, 21, 23, 24, 25, 26, 30, 37, 38, 40, 45, 48, 50, 55, 56, 57, 58, 59, 60, 61, 62, 64, 67, 68, 69, 71, 72, 73, 75, 76, 77, 78, 79, 82, 84, 86, 87, 88, 90, 91, 95, 96, 97, 99, 100, 101, 109, 110, 111, 112, 115, 119, 123, 124, 126, 128, 129, 131, 133, 134, 135, 31, 46, 51, 63, 122, 132, 139, 142, 144, 157, 12]",55,160,12720,168.171875,10,60,0.5,6
7,er_100_160_3.csv,6396,"[4, 14, 21, 1, 2, 3, 6, 8, 10, 16, 20, 24, 25, 28, 31, 32, 36, 37, 38, 39, 40, 41, 42, 44, 45, 47, 50, 53, 55, 58, 59, 60, 62, 63, 64, 67, 69, 71, 73, 74, 76, 84, 85, 90, 92, 100, 103, 107, 109, 112, 113, 114, 115, 116, 119, 121, 123, 124, 126, 127, 128, 129, 130, 131, 132, 133, 135, 136, 143, 144, 145, 12, 13, 72, 98, 99, 106, 120]",31,160,12720,174.125,10,60,0.5,6
8,er_100_200_0.csv,10000,"[1, 2, 3, 10, 11, 12, 13, 16, 24, 27, 30, 31, 32, 34, 35, 38, 40, 44, 45, 46, 47, 48, 51, 53, 54, 55, 59, 60, 62, 63, 64, 65, 67, 69, 70, 72, 75, 77, 79, 80, 81, 82, 83, 84, 86, 87, 89, 91, 93, 94, 98, 99, 103, 104, 105, 106, 107, 108, 111, 113, 119, 120, 124, 127, 128, 130, 131, 132, 133, 134, 138, 139, 142, 144, 148, 149, 151, 156, 157, 159, 162, 164, 165, 166, 167, 168, 169, 177, 179, 182, 183, 184, 185, 187, 188, 190, 191, 193, 197, 198]",32,200,19900,209.859375,10,60,0.5,6
9,er_100_200_1.csv,9831,"[1, 12, 14, 19, 20, 21, 23, 24, 26, 27, 28, 30, 31, 32, 33, 34, 35, 38, 43, 44, 45, 47, 53, 57, 61, 65, 66, 67, 68, 71, 73, 75, 80, 81, 83, 84, 85, 86, 90, 96, 99, 100, 102, 103, 104, 107, 109, 110, 111, 114, 115, 121, 124, 125, 126, 127, 129, 132, 136, 138, 139, 144, 147, 154, 155, 156, 157, 160, 162, 165, 166, 168, 173, 175, 177, 179, 4, 15, 18, 56, 88, 92, 97, 137, 140, 170, 192]",22,200,19900,240.34375,10,60,0.5,6
10,er_100_200_2.csv,10000,"[1, 2, 3, 10, 11, 12, 13, 16, 24, 27, 30, 31, 32, 34, 35, 38, 40, 44, 45, 46, 47, 48, 51, 53, 54, 55, 59, 60, 62, 63, 64, 65, 67, 69, 70, 72, 75, 77, 79, 80, 81, 82, 83, 84, 86, 87, 89, 91, 93, 94, 98, 99, 103, 104, 105, 106, 107, 108, 111, 113, 119, 120, 124, 127, 128, 130, 131, 132, 133, 134, 138, 139, 142, 144, 148, 149, 151, 156, 157, 159, 162, 164, 165, 166, 167, 168, 169, 177, 179, 182, 183, 184, 185, 187, 188, 190, 191, 193, 197, 198]",56,200,19900,180.390625,10,60,0.5,6
11,er_100_200_3.csv,9991,"[0, 1, 2, 3, 10, 11, 12, 13, 16, 24, 27, 30, 31, 32, 34, 35, 38, 40, 44, 45, 46, 47, 48, 51, 52, 53, 54, 55, 59, 60, 62, 63, 64, 65, 67, 69, 70, 72, 75, 77, 79, 80, 81, 82, 83, 84, 86, 87, 89, 91, 93, 94, 98, 99, 103, 104, 105, 106, 107, 108, 111, 113, 119, 120, 124, 127, 128, 129, 130, 131, 132, 133, 134, 138, 139, 142, 144, 148, 149, 151, 156, 157, 159, 162, 164, 165, 166, 167, 168, 169, 177, 179, 182, 183, 184, 185, 187, 188, 190, 191, 193, 197, 198]",59,200,19900,232.421875,10,60,0.5,6
12,er_100_40_0.csv,400,"[0, 1, 5, 6, 7, 8, 11, 13, 15, 18, 20, 21, 23, 25, 27, 30, 32, 37, 9, 22]",5,40,780,7.609375,10,60,0.5,6
13,er_100_40_1.csv,400,"[9, 11, 4, 5, 7, 8, 15, 18, 19, 23, 24, 26, 28, 29, 30, 33, 14, 32, 21, 22]",55,40,780,5.796875,10,60,0.5,6
14,er_100_40_2.csv,400,"[0, 4, 5, 7, 3, 2, 8, 11, 15, 17, 21, 24, 31, 32, 34, 35, 36, 37, 38, 22]",8,40,780,6.359375,10,60,0.5,6
15,er_100_40_3.csv,400,"[8, 9, 3, 4, 6, 7, 10, 14, 19, 26, 18, 27, 28, 30, 11, 1, 21, 22, 23, 24]",8,40,780,7.140625,10,60,0.5,6
16,er_100_80_0.csv,1600,"[4, 0, 2, 3, 7, 8, 11, 12, 13, 15, 18, 19, 21, 26, 29, 31, 32, 33, 37, 38, 39, 40, 41, 44, 45, 46, 47, 49, 52, 53, 55, 59, 61, 62, 64, 65, 66, 71, 24, 72]",32,80,3160,20.890625,10,60,0.5,6
17,er_100_80_1.csv,1600,"[1, 2, 3, 7, 9, 10, 11, 13, 18, 20, 23, 27, 28, 30, 31, 32, 36, 37, 38, 39, 40, 43, 51, 52, 54, 56, 57, 59, 61, 63, 64, 66, 67, 69, 73, 46, 47, 48, 68, 24]",15,80,3160,25.578125,10,60,0.5,6
18,er_100_80_2.csv,1599,"[0, 1, 3, 4, 13, 15, 16, 18, 19, 25, 26, 27, 28, 34, 36, 42, 44, 45, 47, 49, 51, 52, 53, 55, 56, 57, 58, 59, 60, 62, 64, 65, 73, 74, 75, 76, 77, 48, 24]",47,80,3160,24.9375,10,60,0.5,6
19,er_100_80_3.csv,1600,"[12, 0, 8, 1, 2, 3, 7, 9, 10, 11, 13, 18, 20, 25, 27, 28, 30, 31, 32, 36, 37, 38, 39, 40, 43, 51, 52, 54, 56, 57, 59, 61, 63, 64, 66, 69, 73, 22, 23, 67]",50,80,3160,22.234375,10,60,0.5,6
20,er_60_120_0.csv,2157,"[3, 1, 5, 6, 7, 8, 9, 11, 13, 14, 17, 18, 20, 22, 24, 25, 26, 29, 30, 37, 39, 40, 41, 42, 44, 46, 48, 51, 53, 59, 60, 61, 62, 63, 67, 70, 71, 75, 81, 88, 90, 91, 92, 95, 98, 101, 103, 105, 110, 111, 112, 114, 116, 118, 119]",9,120,4305,95.015625,10,60,0.5,6
21,er_60_120_1.csv,2189,"[0, 4, 5, 6, 7, 10, 11, 13, 14, 15, 18, 25, 27, 30, 31, 33, 36, 42, 43, 44, 46, 47, 50, 51, 52, 53, 55, 57, 58, 63, 66, 67, 71, 72, 75, 76, 77, 78, 79, 80, 83, 85, 86, 87, 88, 95, 96, 97, 98, 101, 105, 106, 109, 110, 112, 16, 62, 69]",53,120,4292,69.109375,10,60,0.5,6
22,er_60_120_2.csv,2189,"[14, 1, 3, 4, 7, 11, 13, 15, 16, 19, 20, 21, 23, 25, 27, 28, 30, 33, 34, 36, 40, 41, 42, 44, 48, 49, 53, 57, 58, 59, 61, 62, 63, 65, 67, 68, 69, 71, 72, 77, 81, 83, 85, 86, 88, 90, 93, 94, 95, 96, 97, 99, 105, 106, 107, 111, 112, 113, 114, 118]",18,120,4286,45.546875,10,60,0.5,6
23,er_60_120_3.csv,1939,"[38, 51, 0, 1, 5, 9, 13, 15, 21, 23, 25, 26, 31, 34, 35, 43, 46, 47, 49, 50, 53, 54, 60, 63, 69, 74, 76, 79, 82, 84, 85, 89, 103, 106, 107, 20, 22, 36, 39, 55, 81, 112]",27,120,4247,117.9375,10,60,0.5,6
24,er_60_160_0.csv,3737,"[4, 42, 12, 36, 0, 1, 5, 7, 9, 10, 11, 15, 18, 19, 20, 23, 24, 26, 28, 31, 33, 35, 37, 40, 44, 46, 48, 53, 57, 58, 60, 62, 63, 65, 69, 73, 78, 80, 83, 84, 85, 86, 88, 90, 92, 94, 101, 102, 109, 112, 113, 114, 118, 123, 124, 127, 133, 135, 139, 142, 143, 2, 22, 93, 39, 56, 95, 100, 128, 131]",58,160,7652,197.796875,10,60,0.5,6
25,er_60_160_1.csv,3757,"[3, 12, 16, 19, 20, 21, 32, 33, 2, 6, 11, 13, 18, 27, 28, 29, 30, 34, 39, 40, 42, 44, 46, 47, 48, 57, 58, 60, 61, 62, 67, 72, 74, 76, 77, 78, 83, 85, 86, 87, 89, 96, 97, 104, 107, 114, 117, 118, 120, 122, 125, 130, 131, 140, 142, 150, 151, 36, 37, 84, 100, 103, 35, 98]",14,160,7665,172.671875,10,60,0.5,6
26,er_60_160_2.csv,3792,"[5, 18, 17, 7, 9, 10, 16, 22, 24, 25, 26, 27, 29, 31, 32, 46, 49, 51, 52, 53, 54, 55, 56, 57, 58, 61, 62, 66, 76, 77, 78, 79, 82, 84, 85, 86, 90, 91, 92, 93, 100, 101, 103, 104, 108, 109, 110, 111, 112, 113, 116, 119, 120, 122, 124, 125, 127, 129, 130, 134, 135, 140, 141, 144, 146, 147, 149, 150, 156, 158, 159]",59,160,7639,171.078125,10,60,0.5,6
27,er_60_160_3.csv,3876,"[5, 7, 3, 4, 6, 9, 10, 11, 12, 15, 16, 17, 20, 21, 23, 24, 25, 28, 29, 31, 33, 34, 37, 38, 41, 42, 45, 48, 50, 59, 61, 62, 67, 68, 69, 70, 71, 72, 73, 74, 76, 79, 83, 85, 88, 89, 90, 91, 92, 93, 94, 96, 99, 107, 109, 110, 112, 113, 114, 117, 118, 127, 128, 129, 132, 135, 138, 139, 140, 144, 145, 147, 148, 149, 150, 158]",58,160,7612,170.65625,10,60,0.5,6
28,er_60_200_0.csv,5027,"[75, 5, 8, 21, 23, 43, 44, 45, 53, 62, 71, 101, 102, 120, 127, 129, 4, 11, 12, 16, 17, 19, 20, 26, 31, 32, 33, 36, 46, 54, 57, 58, 60, 61, 65, 78, 85, 86, 90, 91, 94, 110, 122, 125, 131, 132, 133, 138, 146, 151, 154, 165, 167, 170, 172, 177, 180, 188, 192]",31,200,11991,276.75,10,60,0.5,6
29,er_60_200_1.csv,5875,"[4, 17, 25, 32, 33, 41, 48, 55, 1, 2, 5, 7, 10, 11, 15, 18, 21, 24, 27, 29, 31, 40, 44, 50, 53, 54, 57, 59, 61, 62, 65, 75, 76, 77, 79, 81, 83, 84, 88, 90, 94, 96, 97, 99, 100, 105, 106, 113, 114, 119, 121, 128, 133, 134, 135, 137, 138, 142, 148, 149, 151, 153, 157, 158, 159, 160, 165, 166, 169, 172, 173, 176, 179, 181, 182, 185, 186, 189, 192, 196, 197, 199]",54,200,12000,284.21875,10,60,0.5,6
30,er_60_200_2.csv,6053,"[2, 3, 4, 5, 7, 12, 14, 15, 16, 17, 19, 23, 24, 25, 29, 31, 32, 33, 38, 40, 41, 44, 46, 48, 50, 51, 57, 61, 63, 64, 65, 67, 69, 72, 74, 75, 76, 78, 80, 84, 86, 90, 92, 93, 95, 98, 99, 100, 101, 102, 106, 107, 108, 113, 115, 118, 122, 123, 124, 125, 126, 129, 130, 131, 132, 134, 137, 138, 139, 142, 144, 145, 146, 150, 152, 153, 154, 155, 156, 158, 159, 163, 165, 168, 170, 172, 173, 174, 175, 176, 181, 182, 183, 184, 188, 190, 194, 197, 198, 199]",57,200,11996,243.109375,10,60,0.5,6
31,er_60_200_3.csv,5902,"[46, 6, 9, 10, 13, 16, 20, 21, 22, 24, 25, 36, 42, 44, 45, 49, 50, 60, 61, 65, 66, 68, 80, 82, 84, 88, 89, 95, 97, 99, 101, 104, 105, 106, 112, 114, 119, 120, 121, 122, 124, 129, 132, 133, 135, 139, 143, 144, 148, 150, 151, 152, 58, 110, 116, 2, 5, 15, 27, 47, 52, 87, 94, 98, 102, 118, 127, 130, 138, 141, 149, 162, 167, 169, 171, 174, 37, 91, 93, 134, 137, 156, 183, 193]",59,200,11944,294.25,10,60,0.5,6
32,er_60_40_0.csv,267,"[2, 0, 4, 6, 7, 10, 11, 12, 14, 22, 26, 27, 29, 33, 34, 35, 36, 16, 23, 28]",32,40,476,5.953125,10,60,0.5,6
33,er_60_40_1.csv,258,"[2, 3, 6, 8, 15, 20, 21, 24, 25, 4, 5, 10, 12, 19, 22, 34, 7, 17, 32]",13,40,464,6.796875,10,60,0.5,6
34,er_60_40_2.csv,258,"[0, 2, 4, 7, 8, 11, 14, 15, 18, 19, 22, 23, 25, 27, 28, 29, 30, 31, 33, 24]",57,40,451,6.53125,10,60,0.5,6
35,er_60_40_3.csv,249,"[0, 2, 4, 6, 8, 10, 11, 12, 13, 14, 22, 27, 29, 31, 32, 34, 36]",42,40,469,9.03125,10,60,0.5,6
36,er_60_80_0.csv,963,"[3, 5, 0, 2, 4, 7, 8, 10, 11, 12, 13, 17, 22, 23, 24, 26, 29, 30, 31, 32, 36, 37, 40, 45, 48, 49, 51, 55, 59, 62, 63, 65, 66, 67, 71, 73, 74, 76, 79]",1,80,1910,29.328125,10,60,0.5,6
37,er_60_80_1.csv,943,"[30, 7, 8, 10, 11, 32, 0, 2, 6, 12, 14, 20, 27, 28, 29, 33, 39, 41, 42, 44, 50, 56, 57, 62, 63, 64, 65, 67, 69, 5, 13, 22, 35, 38, 46]",58,80,1886,27.3125,10,60,0.5,6
38,er_60_80_2.csv,972,"[5, 13, 19, 21, 23, 32, 34, 2, 6, 10, 12, 14, 15, 16, 17, 22, 24, 25, 26, 29, 41, 44, 47, 49, 50, 52, 54, 57, 58, 61, 64, 68, 69, 70, 73, 9, 28, 30]",35,80,1894,30.734375,10,60,0.5,6
39,er_60_80_3.csv,993,"[1, 3, 5, 6, 8, 9, 12, 13, 16, 20, 21, 23, 24, 28, 30, 32, 33, 34, 37, 38, 40, 42, 47, 49, 50, 52, 53, 57, 58, 59, 63, 64, 65, 66, 68, 74, 75, 76, 14, 69]",57,80,1929,33.578125,10,60,0.5,6
40,er_70_120_0.csv,2511,"[0, 5, 8, 13, 14, 15, 16, 19, 20, 23, 24, 27, 28, 30, 32, 34, 35, 36, 37, 39, 40, 43, 44, 46, 47, 49, 50, 54, 55, 59, 60, 63, 64, 65, 67, 72, 73, 80, 81, 83, 84, 89, 91, 92, 97, 98, 101, 106, 108, 109, 111, 112, 115, 116, 118]",2,120,5019,105.875,10,60,0.5,6
41,er_70_120_1.csv,2516,"[12, 13, 22, 25, 32, 0, 1, 2, 3, 4, 5, 6, 7, 8, 9, 15, 16, 21, 23, 24, 26, 27, 33, 34, 35, 37, 38, 39, 42, 46, 51, 52, 55, 56, 57, 62, 65, 66, 68, 69, 71, 72, 74, 77, 80, 82, 85, 87, 89, 92, 94, 98, 104, 106, 112, 114, 117, 119]",39,120,5028,98.25,10,60,0.5,6
42,er_70_120_2.csv,2522,"[2, 5, 8, 10, 15, 17, 18, 20, 29, 30, 33, 34, 35, 36, 38, 41, 42, 43, 45, 46, 47, 49, 50, 55, 56, 58, 59, 60, 61, 62, 63, 66, 68, 70, 71, 72, 74, 77, 78, 79, 81, 82, 85, 87, 88, 89, 91, 92, 95, 96, 97, 99, 100, 101, 104, 105, 106, 107, 111, 112, 113, 116, 80]",58,120,4941,77.625,10,60,0.5,6
43,er_70_120_3.csv,2505,"[0, 2, 3, 5, 10, 11, 12, 16, 18, 20, 21, 22, 23, 27, 32, 38, 40, 47, 49, 50, 51, 52, 53, 55, 58, 59, 64, 70, 71, 72, 73, 74, 76, 77, 78, 80, 86, 89, 90, 91, 98, 99, 101, 105, 106, 9, 43, 62, 75, 88, 95, 104, 115]",36,120,5016,114.09375,10,60,0.5,6
44,er_70_160_0.csv,4531,"[10, 1, 2, 3, 4, 5, 8, 9, 11, 17, 19, 22, 24, 26, 29, 31, 32, 36, 43, 45, 46, 48, 53, 55, 56, 58, 60, 61, 62, 63, 64, 65, 66, 69, 70, 71, 72, 73, 74, 75, 77, 80, 84, 85, 87, 92, 93, 94, 98, 100, 107, 110, 111, 113, 115, 118, 121, 122, 123, 126, 127, 130, 131, 134, 136, 138, 139, 140, 143, 145, 146, 148, 149, 150, 151, 152, 153, 155, 159]",35,160,8925,83.46875,10,60,0.5,6
45,er_70_160_1.csv,4521,"[1, 11, 0, 2, 4, 5, 6, 12, 14, 15, 21, 22, 25, 26, 29, 31, 32, 36, 37, 38, 39, 41, 42, 43, 44, 45, 48, 50, 54, 57, 59, 60, 63, 65, 66, 68, 71, 74, 77, 82, 83, 86, 91, 94, 96, 97, 98, 99, 100, 103, 105, 106, 113, 114, 116, 117, 118, 119, 120, 125, 126, 130, 131, 135, 136, 3, 9, 16, 34, 67, 78, 84, 122, 128, 129, 140, 143, 150]",18,160,8956,188.25,10,60,0.5,6
46,er_70_160_2.csv,4470,"[1, 2, 3, 6, 7, 8, 9, 10, 12, 14, 16, 18, 20, 21, 22, 31, 32, 33, 35, 36, 37, 42, 43, 49, 50, 52, 55, 56, 57, 59, 60, 61, 63, 64, 65, 68, 69, 76, 77, 78, 79, 81, 83, 88, 90, 96, 97, 98, 99, 108, 109, 110, 111, 114, 117, 118, 119, 121, 122, 124, 127, 129, 131, 132, 133, 141, 142, 144, 145, 146, 148, 149, 153, 28, 41, 125, 157, 102]",51,160,8842,162.421875,10,60,0.5,6
47,er_70_160_3.csv,4461,"[30, 1, 2, 4, 9, 10, 13, 14, 19, 20, 21, 22, 26, 27, 32, 33, 35, 41, 42, 43, 46, 47, 49, 51, 55, 58, 61, 66, 69, 72, 78, 80, 81, 82, 83, 90, 92, 94, 95, 97, 98, 99, 102, 110, 111, 112, 116, 117, 119, 120, 25, 29, 36, 53, 54, 64, 73, 84, 85, 88, 89, 106, 108, 124, 128, 134, 141, 145, 153, 156, 157]",59,160,8892,119.1875,10,60,0.5,6
48,er_70_200_0.csv,7026,"[4, 3, 6, 9, 10, 11, 14, 16, 18, 19, 20, 21, 22, 24, 27, 28, 32, 34, 39, 40, 41, 43, 47, 48, 50, 51, 53, 54, 55, 56, 57, 59, 63, 64, 65, 67, 68, 70, 72, 75, 76, 80, 81, 83, 86, 87, 88, 89, 90, 91, 92, 93, 95, 99, 100, 103, 105, 110, 112, 113, 114, 116, 117, 120, 123, 125, 126, 129, 131, 133, 134, 136, 142, 143, 144, 150, 151, 152, 154, 156, 159, 161, 162, 167, 169, 170, 171, 172, 175, 180, 182, 183, 189, 190, 193, 195, 199]",56,200,13911,292.125,10,60,0.5,6
49,er_70_200_1.csv,7113,"[0, 2, 4, 5, 6, 8, 9, 13, 16, 17, 19, 20, 22, 25, 28, 29, 31, 33, 38, 39, 40, 41, 42, 43, 44, 46, 47, 50, 51, 54, 55, 56, 57, 60, 61, 64, 65, 67, 68, 69, 70, 71, 75, 77, 83, 84, 90, 93, 101, 102, 103, 104, 105, 106, 111, 113, 115, 116, 117, 118, 120, 122, 125, 126, 127, 128, 129, 130, 133, 134, 135, 137, 139, 143, 144, 147, 149, 150, 152, 153, 154, 156, 157, 158, 162, 163, 166, 168, 171, 175, 184, 185, 187, 188, 189, 190, 191, 192, 195, 197]",48,200,13972,211.578125,10,60,0.5,6
50,er_70_200_2.csv,6946,"[44, 4, 10, 11, 18, 25, 30, 35, 0, 6, 12, 14, 15, 16, 21, 22, 23, 26, 29, 33, 34, 37, 39, 42, 45, 47, 53, 55, 56, 57, 59, 60, 63, 64, 67, 68, 71, 72, 73, 74, 77, 79, 81, 82, 84, 85, 86, 87, 89, 90, 94, 97, 103, 104, 105, 106, 109, 111, 114, 115, 120, 122, 124, 132, 135, 136, 138, 140, 144, 145, 150, 152, 153, 154, 155, 156, 157, 158, 160, 161, 163, 164, 167, 174, 177, 180, 182, 184, 185, 187, 188, 190, 194, 195, 198, 199]",57,200,13853,220.953125,10,60,0.5,6
51,er_70_200_3.csv,3619,"[2, 5, 9, 11, 41, 46, 54, 58, 68, 73, 75, 81, 83, 93, 106, 107, 112, 133, 136, 145, 168, 171, 177, 179, 181, 183, 185, 188, 196, 197]",2,200,14017,332.5625,10,60,0.5,6
52,er_70_40_0.csv,300,"[3, 10, 11, 16, 15, 1, 4, 6, 9, 12, 13, 23, 24, 26, 29, 30, 32, 33, 34, 36, 14, 27]",55,40,560,9.1875,10,60,0.5,6
53,er_70_40_1.csv,272,"[10, 9, 1, 2, 3, 4, 6, 12, 13, 17, 24, 26, 31, 33, 34, 22, 30, 37]",21,40,512,7.671875,10,60,0.5,6
54,er_70_40_2.csv,285,"[4, 7, 8, 9, 10, 11, 12, 13, 21, 23, 24, 25, 26, 28, 33, 34, 2, 14, 30]",39,40,533,9.65625,10,60,0.5,6
55,er_70_40_3.csv,293,"[2, 0, 1, 3, 8, 9, 11, 13, 14, 18, 23, 25, 28, 29, 30, 31, 33, 34, 35, 37]",49,40,545,7.359375,10,60,0.5,6
56,er_70_80_0.csv,1127,"[0, 1, 2, 4, 5, 8, 9, 12, 13, 14, 23, 24, 25, 27, 32, 35, 37, 39, 41, 42, 43, 45, 46, 47, 49, 51, 52, 54, 56, 59, 60, 61, 68, 69, 71, 72, 73, 74, 77, 70]",53,80,2176,28.28125,10,60,0.5,6
57,er_70_80_1.csv,1093,"[11, 15, 18, 22, 23, 30, 32, 33, 34, 36, 39, 42, 44, 3, 6, 8, 10, 12, 13, 14, 16, 31, 45, 48, 50, 53, 56, 62, 63, 66, 73, 77]",36,80,2190,41.203125,10,60,0.5,6
58,er_70_80_2.csv,1112,"[6, 9, 11, 13, 17, 18, 19, 20, 21, 22, 24, 25, 28, 33, 34, 35, 36, 37, 39, 40, 41, 42, 44, 51, 52, 53, 54, 55, 57, 59, 60, 61, 63, 64, 65, 66, 67, 69, 70, 74]",19,80,2223,34.21875,10,60,0.5,6
59,er_70_80_3.csv,1131,"[5, 8, 10, 19, 22, 13, 2, 3, 4, 6, 9, 20, 26, 29, 31, 32, 38, 40, 41, 1, 11, 17, 25, 37, 39, 49, 62, 63, 66, 70, 73, 76, 77, 78]",58,80,2223,28.953125,10,60,0.5,6
60,er_80_120_0.csv,2922,"[19, 0, 2, 5, 6, 7, 8, 10, 12, 15, 17, 18, 24, 25, 28, 32, 33, 34, 35, 36, 37, 39, 43, 44, 46, 49, 52, 53, 55, 56, 57, 61, 63, 64, 66, 68, 70, 75, 77, 78, 81, 83, 84, 85, 89, 93, 101, 102, 103, 107, 108, 110, 111, 112, 116, 117, 23, 38]",46,120,5751,116.21875,10,60,0.5,6
61,er_80_120_1.csv,2872,"[3, 9, 15, 19, 1, 4, 25, 2, 6, 8, 10, 13, 21, 23, 24, 28, 29, 32, 37, 38, 41, 43, 47, 53, 57, 58, 62, 64, 71, 73, 74, 76, 77, 82, 83, 86, 87, 91, 97, 99, 7, 11, 18, 20, 30, 36, 48, 54, 60, 72, 85, 90, 109]",57,120,5693,100.09375,10,60,0.5,6
62,er_80_120_2.csv,2739,"[2, 4, 6, 8, 9, 13, 20, 21, 22, 23, 24, 25, 28, 30, 31, 35, 37, 40, 42, 51, 52, 54, 57, 60, 61, 62, 63, 64, 68, 73, 79, 80, 83, 84, 85, 87, 91, 92, 96, 99, 103, 105, 106, 107, 109, 113, 114, 117, 119]",58,120,5629,125.765625,10,60,0.5,6
63,er_80_120_3.csv,2890,"[0, 2, 6, 10, 13, 14, 15, 16, 18, 20, 22, 23, 34, 36, 39, 44, 45, 48, 52, 54, 56, 57, 58, 59, 60, 61, 62, 64, 66, 69, 70, 72, 74, 75, 76, 77, 81, 83, 86, 87, 89, 91, 92, 95, 96, 97, 100, 103, 104, 106, 4, 17, 25, 51, 79, 90, 108]",48,120,5704,69.328125,10,60,0.5,6
64,er_80_160_0.csv,4917,"[0, 1, 2, 9, 10, 11, 12, 20, 22, 27, 29, 31, 37, 45, 47, 51, 53, 56, 60, 61, 63, 64, 66, 70, 71, 76, 79, 82, 84, 87, 88, 89, 91, 97, 98, 99, 102, 104, 109, 111, 116, 118, 120, 121, 122, 126, 129, 130, 131, 133, 135, 136, 23, 30, 57, 62, 78, 83, 90, 95, 108, 112, 115, 144, 93]",56,160,10139,227.6875,10,60,0.5,6
65,er_80_160_1.csv,5122,"[4, 7, 1, 2, 6, 9, 10, 14, 16, 17, 20, 22, 24, 25, 28, 29, 31, 32, 33, 34, 35, 38, 39, 40, 41, 46, 47, 48, 53, 55, 64, 69, 71, 72, 74, 77, 78, 79, 80, 85, 86, 87, 92, 94, 95, 98, 99, 102, 103, 104, 105, 107, 108, 109, 114, 115, 117, 118, 119, 121, 124, 125, 127, 128, 132, 134, 135, 137, 138, 145, 146, 147, 148, 151, 156, 157, 158]",41,160,10223,137.53125,10,60,0.5,6
66,er_80_160_2.csv,4864,"[2, 9, 11, 12, 19, 22, 26, 34, 40, 45, 62, 67, 69, 71, 3, 4, 5, 10, 14, 16, 17, 20, 27, 28, 30, 35, 36, 38, 44, 46, 47, 50, 51, 55, 57, 59, 70, 72, 75, 80, 84, 86, 91, 100, 102, 108, 111, 114, 115, 120, 124, 128, 130, 132, 135, 136, 137, 141, 147, 149, 156, 152]",54,160,10144,221.0,10,60,0.5,6
67,er_80_160_3.csv,5087,"[2, 3, 4, 5, 7, 9, 10, 11, 15, 17, 18, 19, 20, 21, 23, 27, 30, 32, 34, 36, 39, 40, 41, 45, 46, 50, 51, 54, 55, 56, 57, 59, 61, 65, 66, 68, 70, 75, 76, 78, 80, 81, 84, 87, 88, 89, 91, 94, 95, 96, 98, 100, 102, 108, 109, 110, 111, 112, 114, 115, 117, 126, 128, 129, 130, 131, 133, 136, 137, 138, 140, 141, 142, 144, 145, 147, 148, 154, 157, 158, 159]",41,160,10139,154.84375,10,60,0.5,6
68,er_80_200_0.csv,8039,"[3, 5, 10, 12, 13, 16, 17, 20, 21, 23, 24, 27, 28, 31, 34, 35, 37, 38, 40, 42, 43, 48, 49, 50, 52, 54, 55, 56, 58, 59, 60, 61, 62, 63, 64, 66, 72, 73, 74, 75, 76, 79, 80, 81, 89, 90, 91, 92, 94, 95, 96, 97, 100, 105, 106, 107, 108, 110, 111, 112, 115, 117, 118, 120, 122, 123, 124, 125, 126, 127, 128, 136, 144, 147, 149, 150, 151, 153, 155, 157, 158, 159, 160, 161, 162, 163, 166, 167, 168, 169, 174, 178, 182, 183, 184, 185, 186, 187, 188, 189, 190, 193, 196, 197, 198, 199]",34,200,15969,354.3125,10,60,0.5,6
69,er_80_200_1.csv,7987,"[25, 2, 4, 6, 7, 12, 15, 16, 17, 21, 24, 28, 29, 33, 35, 36, 37, 38, 39, 46, 47, 50, 52, 53, 55, 58, 61, 63, 64, 65, 67, 69, 70, 71, 72, 74, 83, 85, 87, 88, 89, 90, 95, 98, 99, 103, 105, 107, 112, 113, 118, 119, 120, 121, 122, 123, 125, 126, 128, 131, 132, 133, 137, 138, 139, 142, 143, 145, 147, 148, 149, 151, 152, 153, 156, 157, 158, 161, 163, 164, 165, 166, 167, 168, 169, 170, 171, 172, 173, 174, 175, 180, 185, 189, 191, 196, 197]",46,200,15885,228.125,10,60,0.5,6
70,er_80_200_2.csv,8073,"[0, 2, 5, 6, 7, 8, 9, 12, 16, 19, 22, 23, 24, 25, 26, 27, 30, 32, 33, 35, 36, 38, 39, 44, 47, 50, 54, 55, 56, 57, 59, 61, 69, 70, 74, 75, 76, 77, 80, 81, 83, 85, 86, 87, 91, 93, 94, 95, 96, 97, 100, 104, 107, 108, 109, 112, 114, 115, 120, 121, 123, 124, 127, 128, 129, 131, 132, 133, 135, 136, 138, 139, 140, 142, 144, 152, 153, 155, 158, 159, 162, 165, 166, 168, 169, 170, 171, 172, 175, 176, 177, 178, 182, 183, 185, 186, 188, 192, 193, 102]",57,200,15901,297.515625,10,60,0.5,6
71,er_80_200_3.csv,8026,"[1, 2, 4, 5, 7, 12, 14, 15, 16, 18, 19, 22, 23, 24, 25, 26, 28, 29, 30, 32, 33, 35, 41, 42, 43, 45, 49, 52, 53, 60, 61, 63, 67, 68, 69, 73, 75, 79, 80, 81, 82, 83, 84, 85, 87, 88, 90, 91, 92, 100, 102, 104, 105, 107, 108, 110, 111, 118, 119, 123, 124, 126, 127, 128, 129, 132, 133, 134, 135, 139, 141, 142, 148, 150, 153, 155, 157, 158, 159, 162, 164, 165, 166, 168, 171, 172, 173, 175, 177, 178, 180, 182, 187, 190, 191, 192, 193, 195, 198]",51,200,15946,172.0625,10,60,0.5,6
72,er_80_40_0.csv,331,"[2, 0, 6, 7, 9, 10, 11, 14, 15, 16, 17, 18, 19, 24, 26, 27, 29, 30, 31, 5]",4,40,624,8.140625,10,60,0.5,6
73,er_80_40_1.csv,327,"[0, 1, 4, 8, 14, 17, 18, 19, 24, 25, 26, 28, 29, 10, 3, 11, 12, 20, 23]",35,40,622,7.75,10,60,0.5,6
74,er_80_40_2.csv,322,"[0, 2, 4, 5, 7, 9, 11, 12, 15, 16, 21, 26, 28, 29, 31, 36, 37, 38]",41,40,618,11.125,10,60,0.5,6
75,er_80_40_3.csv,326,"[5, 6, 10, 12, 14, 15, 16, 20, 22, 24, 1, 3, 8, 21, 23, 27, 31]",7,40,631,11.59375,10,60,0.5,6
76,er_80_80_0.csv,1297,"[0, 3, 7, 9, 13, 14, 15, 17, 18, 25, 28, 29, 31, 35, 37, 39, 40, 42, 43, 44, 45, 47, 49, 50, 52, 54, 58, 65, 67, 68, 69, 73, 74, 75, 77, 78, 79]",52,80,2545,27.59375,10,60,0.5,6
77,er_80_80_1.csv,1280,"[10, 1, 2, 4, 6, 7, 8, 11, 12, 13, 17, 18, 20, 23, 26, 29, 32, 34, 36, 37, 38, 42, 48, 49, 50, 52, 53, 54, 55, 56, 58, 59, 60, 61, 62, 63, 64, 67, 70, 72, 74, 76, 78]",51,80,2512,52.1875,10,60,0.5,6
78,er_80_80_2.csv,1269,"[1, 4, 8, 9, 11, 20, 26, 28, 29, 30, 31, 36, 37, 41, 2, 6, 14, 15, 16, 17, 19, 25, 27, 32, 33, 38, 40, 54, 59, 66, 68, 74, 76, 5, 23]",20,80,2526,32.625,10,60,0.5,6
79,er_80_80_3.csv,1284,"[0, 2, 6, 7, 10, 13, 14, 19, 20, 21, 26, 27, 30, 31, 32, 35, 36, 37, 38, 39, 40, 41, 43, 45, 52, 53, 56, 57, 58, 59, 64, 65, 66, 68, 69, 71, 76, 77]",50,80,2522,40.265625,10,60,0.5,6
80,er_90_120_0.csv,3270,"[10, 0, 2, 3, 5, 7, 8, 9, 11, 14, 15, 16, 17, 18, 19, 25, 26, 27, 28, 34, 35, 36, 39, 41, 42, 44, 46, 51, 52, 54, 56, 59, 63, 64, 67, 71, 72, 74, 75, 78, 79, 82, 83, 85, 86, 89, 91, 93, 97, 101, 108, 109, 45, 60, 69, 95, 118]",58,120,6481,106.125,10,60,0.5,6
81,er_90_120_1.csv,3231,"[2, 3, 5, 6, 7, 8, 9, 10, 12, 13, 14, 15, 18, 19, 20, 27, 28, 30, 31, 32, 33, 38, 42, 43, 45, 53, 54, 59, 61, 62, 63, 64, 65, 66, 67, 72, 74, 78, 80, 83, 84, 85, 87, 88, 92, 93, 94, 99, 103, 105, 108, 4, 16, 24, 34, 35, 56, 81]",41,120,6431,115.296875,10,60,0.5,6
82,er_90_120_2.csv,3270,"[1, 20, 0, 2, 3, 4, 5, 6, 12, 14, 15, 21, 23, 27, 31, 33, 35, 36, 37, 38, 43, 45, 46, 49, 50, 52, 55, 57, 58, 62, 66, 68, 69, 73, 74, 75, 76, 78, 80, 83, 86, 87, 88, 89, 91, 92, 94, 96, 97, 102, 104, 106, 8, 11, 17, 19, 28, 59, 60, 79]",46,120,6468,153.640625,10,60,0.5,6
83,er_90_120_3.csv,3237,"[1, 0, 4, 5, 6, 9, 11, 14, 17, 18, 21, 25, 29, 30, 32, 33, 34, 39, 40, 41, 42, 43, 44, 45, 47, 49, 51, 53, 54, 55, 58, 59, 65, 66, 67, 68, 69, 71, 74, 76, 79, 80, 83, 84, 86, 88, 90, 91, 92, 99, 100, 101, 103, 107, 108, 113, 114, 82]",55,120,6418,103.765625,10,60,0.5,6
84,er_90_160_0.csv,5766,"[3, 4, 5, 7, 10, 12, 13, 14, 16, 17, 18, 19, 20, 22, 23, 24, 26, 28, 30, 32, 33, 34, 35, 37, 39, 42, 50, 51, 54, 55, 56, 57, 60, 61, 65, 67, 69, 72, 73, 74, 75, 82, 83, 84, 85, 86, 88, 89, 93, 94, 95, 97, 98, 100, 101, 102, 103, 104, 111, 112, 117, 119, 125, 126, 130, 135, 136, 137, 139, 140, 141, 144, 146, 149, 150, 151, 152, 154, 157]",38,160,11445,156.640625,10,60,0.5,6
85,er_90_160_1.csv,5803,"[1, 2, 5, 6, 8, 11, 12, 13, 19, 22, 23, 27, 28, 29, 30, 38, 40, 41, 43, 46, 49, 51, 52, 55, 56, 59, 61, 62, 63, 64, 66, 67, 70, 73, 75, 76, 78, 80, 82, 85, 87, 89, 90, 91, 93, 95, 96, 99, 102, 104, 105, 106, 107, 108, 114, 115, 118, 122, 125, 126, 129, 130, 131, 134, 136, 137, 139, 144, 145, 146, 147, 148, 149, 152, 4, 68, 117, 120, 159]",59,160,11475,149.765625,10,60,0.5,6
86,er_90_160_2.csv,5764,"[0, 2, 3, 5, 6, 8, 11, 12, 13, 14, 15, 16, 19, 21, 23, 25, 26, 27, 28, 29, 33, 45, 46, 49, 50, 51, 54, 55, 56, 57, 58, 59, 63, 66, 67, 68, 70, 73, 74, 78, 83, 84, 87, 89, 90, 91, 92, 93, 94, 98, 99, 105, 106, 111, 112, 114, 117, 118, 123, 124, 130, 133, 134, 135, 136, 137, 139, 141, 143, 148, 150, 151, 153, 109, 125]",46,160,11420,173.609375,10,60,0.5,6
87,er_90_160_3.csv,5768,"[9, 13, 27, 0, 1, 2, 3, 5, 6, 7, 8, 11, 12, 14, 15, 16, 18, 20, 23, 26, 29, 31, 33, 34, 35, 36, 38, 39, 40, 41, 42, 43, 46, 48, 51, 57, 60, 63, 65, 68, 69, 70, 71, 73, 82, 84, 88, 89, 90, 94, 97, 99, 101, 104, 105, 108, 111, 114, 117, 119, 125, 130, 135, 136, 137, 138, 140, 143, 145, 148, 150, 151, 152, 153, 155, 159]",37,160,11435,128.125,10,60,0.5,6
88,er_90_200_0.csv,7407,"[0, 3, 24, 36, 40, 48, 49, 53, 57, 70, 75, 77, 86, 88, 94, 101, 108, 111, 116, 119, 124, 59, 69, 76, 1, 6, 18, 20, 125, 131, 5, 15, 25, 34, 43, 55, 56, 61, 62, 64, 71, 87, 90, 95, 96, 121, 127, 132, 138, 143, 157, 159, 167, 171, 173, 177, 184, 190]",59,200,17930,275.890625,10,60,0.5,6
89,er_90_200_1.csv,8968,"[1, 17, 0, 2, 3, 4, 5, 6, 8, 11, 12, 14, 18, 21, 24, 26, 27, 28, 30, 32, 34, 36, 40, 42, 49, 51, 52, 57, 58, 60, 64, 65, 71, 72, 74, 77, 78, 80, 82, 86, 87, 89, 90, 91, 92, 93, 97, 98, 100, 101, 102, 106, 109, 112, 113, 118, 120, 122, 123, 126, 127, 128, 134, 137, 138, 142, 146, 148, 149, 151, 152, 156, 158, 160, 162, 165, 166, 168, 169, 170, 171, 173, 176, 177, 178, 180, 181, 183, 184, 185, 187, 188, 190, 191, 192, 193, 195, 196, 198, 199]",25,200,17884,283.078125,10,60,0.5,6
90,er_90_200_2.csv,9027,"[10, 13, 0, 1, 3, 4, 5, 7, 11, 12, 14, 15, 24, 25, 26, 27, 30, 31, 32, 34, 36, 38, 39, 41, 43, 44, 45, 48, 49, 50, 52, 53, 56, 63, 65, 66, 68, 71, 73, 74, 79, 80, 82, 83, 86, 88, 89, 90, 91, 93, 95, 98, 101, 105, 110, 113, 116, 120, 123, 128, 133, 134, 135, 136, 137, 144, 147, 148, 149, 150, 154, 155, 156, 157, 158, 160, 161, 163, 166, 173, 174, 175, 176, 177, 178, 179, 181, 184, 185, 191, 192, 67, 145, 153, 164, 169, 182]",53,200,17907,231.765625,10,60,0.5,6
91,er_90_200_3.csv,6197,"[44, 61, 65, 69, 92, 93, 139, 141, 143, 20, 22, 27, 32, 41, 52, 72, 74, 79, 91, 107, 110, 134, 140, 147, 152, 166, 1, 6, 16, 24, 25, 26, 31, 37, 49, 55, 62, 67, 95, 106, 109, 128, 196, 198]",59,200,17979,379.59375,10,60,0.5,6
92,er_90_40_0.csv,367,"[7, 3, 0, 1, 2, 5, 6, 8, 10, 17, 19, 20, 21, 26, 28, 31, 32, 33, 36, 11]",53,40,700,8.375,10,60,0.5,6
93,er_90_40_1.csv,367,"[7, 11, 12, 13, 0, 2, 5, 14, 16, 18, 19, 20, 22, 6, 9, 21, 29, 36, 38]",48,40,711,11.078125,10,60,0.5,6
94,er_90_40_2.csv,370,"[1, 3, 5, 7, 8, 9, 10, 11, 13, 14, 20, 22, 18, 23, 24, 33, 34, 15, 19]",47,40,707,9.546875,10,60,0.5,6
95,er_90_40_3.csv,353,"[2, 0, 1, 7, 10, 11, 12, 18, 19, 23, 24, 25, 26, 29, 3, 5, 16]",59,40,707,11.828125,10,60,0.5,6
96,er_90_80_0.csv,1432,"[8, 4, 10, 3, 1, 5, 6, 7, 13, 15, 16, 17, 19, 20, 21, 25, 26, 30, 32, 33, 36, 37, 38, 39, 40, 53, 55, 57, 58, 66, 67, 68, 70, 71, 72, 77, 78, 79]",42,80,2819,41.984375,10,60,0.5,6
97,er_90_80_1.csv,1423,"[14, 17, 0, 1, 3, 4, 10, 26, 30, 31, 40, 41, 43, 44, 45, 48, 50, 51, 53, 56, 12, 9, 18, 36, 5, 20, 21, 22, 23, 25, 27, 33, 63, 68, 79]",36,80,2828,42.96875,10,60,0.5,6
98,er_90_80_2.csv,1379,"[3, 9, 14, 15, 17, 18, 24, 29, 39, 40, 16, 21, 45, 2, 4, 5, 12, 13, 22, 23, 28, 31, 37, 46, 52, 58, 62, 63, 69, 70, 77]",1,80,2867,40.15625,10,60,0.5,6
99,er_90_80_3.csv,1444,"[7, 0, 1, 3, 4, 8, 11, 12, 14, 16, 18, 21, 22, 23, 27, 28, 30, 32, 33, 34, 39, 41, 43, 44, 48, 56, 61, 40, 20, 37, 38, 45, 59, 62, 63, 67, 71]",13,80,2859,39.96875,10,60,0.5,6
